binary	.babelrc
binary	.eslintrc
44	.gitignore
21	.vscode/launch.json
34	README.md
39	ecosystem.config.js
5	next-env.d.ts
47	next.config.js
binary	package.json
binary	public/.well-known/assetlinks.json
binary	public/background_chat.png
binary	public/ballonPoint.svg
binary	public/configs/empresa.svg
binary	public/configs/estabelecimento.svg
binary	public/configs/grupo.svg
binary	public/configs/leitos.svg
binary	public/configs/monitor.svg
binary	public/configs/profissional.svg
binary	public/configs/setor.svg
binary	public/default_avatar.png
binary	public/favicon.ico
binary	public/icons/icon-144x144.png
binary	public/icons/icon-192x192.png
binary	public/icons/icon-36x36.png
binary	public/icons/icon-48x48.png
binary	public/icons/icon-512x512.png
binary	public/icons/icon-72x72.png
binary	public/icons/icon-96x96.png
binary	public/icons/maskable.png
binary	public/imageIcon.svg
binary	public/loading.svg
binary	public/logo.svg
binary	public/manifest.json
binary	public/medical_call.svg
binary	public/pdfIcon.svg
binary	public/pickphotos.svg
binary	public/vercel.svg
13	src/@types/contexts/Auth.d.ts
7	src/@types/contexts/AutoReloadContext.d.ts
18	src/@types/contexts/Pagination.d.ts
62	src/@types/models/Arquivo.d.ts
116	src/@types/models/BalancoHidrico.d.ts
68	src/@types/models/DadosFormDinamico.d.ts
32	src/@types/models/DashboardItem.d.ts
10	src/@types/models/Estabelecimento.d.ts
31	src/@types/models/Estatisticas.d.ts
47	src/@types/models/Evolucao.d.ts
34	src/@types/models/Feed.d.ts
10	src/@types/models/Grupo.d.ts
16	src/@types/models/Inconsistencia.d.ts
17	src/@types/models/Indicadores.d.ts
19	src/@types/models/IndicadoresAssistenciais.d.ts
52	src/@types/models/Leito.d.ts
9	src/@types/models/LocalFile.d.ts
9	src/@types/models/LocalImage.d.ts
109	src/@types/models/Mensagem.d.ts
21	src/@types/models/Notificacao.d.ts
145	src/@types/models/Ocupacao.d.ts
39	src/@types/models/Permissions.d.ts
42	src/@types/models/Prescricao.d.ts
84	src/@types/models/Prontuario.d.ts
17	src/@types/models/Setor.d.ts
52	src/@types/models/TrilhaInterativa.d.ts
69	src/@types/models/User.d.ts
125	src/@types/models/Utils.d.ts
12	src/@types/utils/ApiError.d.ts
8	src/@types/utils/ReturnWithProps.d.ts
11	src/appConfig.js
binary	src/components/AlertDelete/AlertDelete.less
48	src/components/AlertDelete/AlertDelete.tsx
1	src/components/AlertDelete/index.tsx
40	src/components/ArquivosContent/ArquivoItem/ArquivoItem.less
44	src/components/ArquivosContent/ArquivoItem/ArquivoItem.tsx
1	src/components/ArquivosContent/ArquivoItem/index.tsx
13	src/components/ArquivosContent/ArquivosContent.less
264	src/components/ArquivosContent/ArquivosContent.tsx
1	src/components/ArquivosContent/index.tsx
51	src/components/BalancoHidricoContent/BalancoHidricoContent.less
534	src/components/BalancoHidricoContent/BalancoHidricoContent.tsx
1	src/components/BalancoHidricoContent/index.tsx
37	src/components/BalancoHidricoItens/BalancoHidrico.less
126	src/components/BalancoHidricoItens/ItemEntrada/ItemEntrada.tsx
1	src/components/BalancoHidricoItens/ItemEntrada/index.tsx
134	src/components/BalancoHidricoItens/ItemSaida/ItemSaida.tsx
1	src/components/BalancoHidricoItens/ItemSaida/index.tsx
177	src/components/BalancoHidricoItens/ItemSinaisVitais/ItemSinaisVitais.tsx
1	src/components/BalancoHidricoItens/ItemSinaisVitais/index.tsx
3	src/components/BalancoHidricoItens/index.tsx
11	src/components/BalancoHidricoVisaoGeral/BalancoHidricoVisaoGeral.less
54	src/components/BalancoHidricoVisaoGeral/BalancoHidricoVisaoGeral.tsx
46	src/components/BalancoHidricoVisaoGeral/GridView/GridView.less
106	src/components/BalancoHidricoVisaoGeral/GridView/GridView.tsx
1	src/components/BalancoHidricoVisaoGeral/GridView/index.tsx
84	src/components/BalancoHidricoVisaoGeral/MobileView/MobileView.less
84	src/components/BalancoHidricoVisaoGeral/MobileView/MobileView.tsx
1	src/components/BalancoHidricoVisaoGeral/MobileView/index.tsx
1	src/components/BalancoHidricoVisaoGeral/index.tsx
28	src/components/BottomDrawer/BottomDrawer.less
37	src/components/BottomDrawer/BottomDrawer.tsx
1	src/components/BottomDrawer/index.tsx
3	src/components/Breadcrumbs/Breadcrumbs.less
58	src/components/Breadcrumbs/Breadcrumbs.tsx
1	src/components/Breadcrumbs/index.tsx
61	src/components/BuildVideoChat/BuildVideoChat.less
154	src/components/BuildVideoChat/BuildVideoChat.tsx
24	src/components/BuildVideoChat/VideoCall/Controls/Controls.less
119	src/components/BuildVideoChat/VideoCall/Controls/Controls.tsx
1	src/components/BuildVideoChat/VideoCall/Controls/index.tsx
8	src/components/BuildVideoChat/VideoCall/VideoCall.less
109	src/components/BuildVideoChat/VideoCall/VideoCall.tsx
47	src/components/BuildVideoChat/VideoCall/Videos/Videos.less
56	src/components/BuildVideoChat/VideoCall/Videos/Videos.tsx
1	src/components/BuildVideoChat/VideoCall/Videos/index.tsx
1	src/components/BuildVideoChat/VideoCall/index.tsx
1	src/components/BuildVideoChat/index.tsx
117	src/components/ChatSenderFooter/ChatSenderFooter.less
170	src/components/ChatSenderFooter/ChatSenderFooter.tsx
1	src/components/ChatSenderFooter/index.tsx
63	src/components/ChatSider/ChatSider.less
65	src/components/ChatSider/ChatSider.tsx
1	src/components/ChatSider/index.tsx
52	src/components/CheckPwa/CheckPwa.tsx
1	src/components/CheckPwa/index.tsx
64	src/components/CircularMenu/CircularMenu.less
65	src/components/CircularMenu/CircularMenu.tsx
1	src/components/CircularMenu/index.tsx
98	src/components/ColumnsBalancoHidrico/ColumnsEntrada/ColumnsEntrada.tsx
112	src/components/ColumnsBalancoHidrico/ColumnsSaida/ColumnsSaida.tsx
59	src/components/ColumnsGestaoPacientesTable/ColumnsGestaoPacientesTable.tsx
52	src/components/ColumsEstabelecimentoTable/ColumsEstabelecimentoTable.tsx
40	src/components/ColumsGrupoTable/ColumsGrupoTable.tsx
101	src/components/ColumsInconsistencia/ColumsInconsistenciaAssinatura.tsx
74	src/components/ColumsLeitoTable/ColumsLeitoTable.tsx
76	src/components/ColumsRelatorioEvolucaoTable/ColumsRelatorioEvolucaoTable.tsx
61	src/components/ColumsSetorTable/ColumsSetorTable.tsx
60	src/components/ColumsUsuarioTable/ColumsUsuarioTable.tsx
5	src/components/CustomDatePicker/CustomDatePicker.less
70	src/components/CustomDatePicker/CustomDatePicker.tsx
1	src/components/CustomDatePicker/index.tsx
8	src/components/CustomSwitch/CustomSwitch.less
32	src/components/CustomSwitch/CustomSwitch.tsx
1	src/components/CustomSwitch/index.tsx
46	src/components/CustomTabs/CustomTabs.less
98	src/components/CustomTabs/CustomTabs.tsx
1	src/components/CustomTabs/index.tsx
6	src/components/DadosProfissionalContent/DadosProfissionalContent.less
167	src/components/DadosProfissionalContent/DadosProfissionalContent.tsx
1	src/components/DadosProfissionalContent/index.tsx
55	src/components/DefaultCardWrapper/DefaultCardWrapper.less
25	src/components/DefaultCardWrapper/DefaultCardWrapper.tsx
12	src/components/Display/Display.less
60	src/components/Display/Display.tsx
1	src/components/Display/index.tsx
43	src/components/DisplayCard/DisplayCard.less
27	src/components/DisplayCard/DisplayCard.tsx
1	src/components/DisplayCard/index.tsx
11	src/components/DisplayNotificaoes/DisplayNotificaoes.less
200	src/components/DisplayNotificaoes/DisplayNotificaoes.tsx
70	src/components/DisplayNotificaoes/ItemNotificacao/ItemNotificacao.less
139	src/components/DisplayNotificaoes/ItemNotificacao/ItemNotificacao.tsx
1	src/components/DisplayNotificaoes/ItemNotificacao/index.tsx
1	src/components/DisplayNotificaoes/index.tsx
25	src/components/DisplayVideoUti/DisplayVideoUti.less
70	src/components/DisplayVideoUti/DisplayVideoUti.tsx
1	src/components/DisplayVideoUti/index.tsx
binary	src/components/DownloadMultiple/DownloadMultiple.less
82	src/components/DownloadMultiple/DownloadMultiple.tsx
1	src/components/DownloadMultiple/index.tsx
15	src/components/DrawerBuilder/DrawerBuilder.less
99	src/components/DrawerBuilder/DrawerBuilder.tsx
1	src/components/DrawerBuilder/index.tsx
31	src/components/DrawerReacoes/DrawerReacoes.less
92	src/components/DrawerReacoes/DrawerReacoes.tsx
1	src/components/DrawerReacoes/index.tsx
binary	src/components/EstabelecimentoItem/EstabelecimentoItem.less
19	src/components/EstabelecimentoItem/EstabelecimentoItem.tsx
1	src/components/EstabelecimentoItem/index.tsx
binary	src/components/EvolucaoDefault/EvolucaoDefault.less
311	src/components/EvolucaoDefault/EvolucaoDefault.tsx
1	src/components/EvolucaoDefault/index.tsx
37	src/components/EvolucaoDefaultPassada/EvolucaoDefaultPassada.less
180	src/components/EvolucaoDefaultPassada/EvolucaoDefaultPassada.tsx
1	src/components/EvolucaoDefaultPassada/index.tsx
17	src/components/FadeLoading/FadeLoading.less
22	src/components/FadeLoading/FadeLoading.tsx
1	src/components/FadeLoading/index.tsx
224	src/components/FeedBallon/FeedBallon.less
216	src/components/FeedBallon/FeedBallon.tsx
1	src/components/FeedBallon/index.tsx
binary	src/components/FieldSetDadosPacienteFisioterapeuta/FieldSetDadosPacienteFisioterapeuta.less
75	src/components/FieldSetDadosPacienteFisioterapeuta/FieldSetDadosPacienteFisioterapeuta.tsx
1	src/components/FieldSetDadosPacienteFisioterapeuta/index.tsx
217	src/components/FieldsetAvGlobalNutricionista/FieldsetAvGlobalNutricionista.tsx
1	src/components/FieldsetAvGlobalNutricionista/index.tsx
72	src/components/FieldsetMtTerapeuticaNutricionista/FieldsetMtTerapeuticaNutricionista.tsx
1	src/components/FieldsetMtTerapeuticaNutricionista/index.tsx
26	src/components/FileB64Convert/FileB64Convert.less
132	src/components/FileB64Convert/FileB64Convert.tsx
1	src/components/FileB64Convert/index.tsx
31	src/components/FileGrid/FileGrid.less
53	src/components/FileGrid/FileGrid.tsx
1	src/components/FileGrid/index.tsx
47	src/components/FilePicker/FilePicker.less
92	src/components/FilePicker/FilePicker.tsx
1	src/components/FilePicker/index.tsx
3	src/components/FilesLeitoComponent/FilesLeitoComponent.less
77	src/components/FilesLeitoComponent/FilesLeitoComponent.tsx
42	src/components/FilesLeitoComponent/FilesPickContent/FilesPickContent.less
199	src/components/FilesLeitoComponent/FilesPickContent/FilesPickContent.tsx
1	src/components/FilesLeitoComponent/FilesPickContent/index.tsx
1	src/components/FilesLeitoComponent/index.tsx
17	src/components/FilterArquivos/FilterArquivos.less
126	src/components/FilterArquivos/FilterArquivos.tsx
1	src/components/FilterArquivos/index.tsx
3	src/components/FilterEstabelecimentos/FilterEstabelecimentos.less
68	src/components/FilterEstabelecimentos/FilterEstabelecimentos.tsx
1	src/components/FilterEstabelecimentos/index.tsx
14	src/components/FilterFormRelatorioEvolucao/FilterFormRelatorioEvolucao.less
259	src/components/FilterFormRelatorioEvolucao/FilterFormRelatorioEvolucao.tsx
1	src/components/FilterFormRelatorioEvolucao/index.tsx
3	src/components/FilterGestaoPacientes/FilterGestaoPacientes.less
68	src/components/FilterGestaoPacientes/FilterGestaoPacientes.tsx
1	src/components/FilterGestaoPacientes/index.tsx
3	src/components/FilterGrupos/FilterGrupos.less
68	src/components/FilterGrupos/FilterGrupos.tsx
1	src/components/FilterGrupos/index.tsx
3	src/components/FilterInconsistencias/FilterInconsistenciaAssinatura/FilterInconsistenciaAssinatura.less
143	src/components/FilterInconsistencias/FilterInconsistenciaAssinatura/FilterInconsistenciaAssinatura.tsx
1	src/components/FilterInconsistencias/FilterInconsistenciaAssinatura/index.tsx
3	src/components/FilterLeitos/FilterLeitos.less
81	src/components/FilterLeitos/FilterLeitos.tsx
1	src/components/FilterLeitos/index.tsx
3	src/components/FilterOcupacoes/FilterOcupacoes.less
82	src/components/FilterOcupacoes/FilterOcupacoes.tsx
1	src/components/FilterOcupacoes/index.tsx
3	src/components/FilterSetores/FilterSetores.less
71	src/components/FilterSetores/FilterSetores.tsx
1	src/components/FilterSetores/index.tsx
3	src/components/FilterUsuarios/FilterUsuarios.less
86	src/components/FilterUsuarios/FilterUsuarios.tsx
1	src/components/FilterUsuarios/index.tsx
16	src/components/FooterPaginator/FooterPaginator.less
35	src/components/FooterPaginator/FooterPaginator.tsx
1	src/components/FooterPaginator/index.tsx
4	src/components/FormDadosProntuario/CollapsedFields/CollapsedFields.less
139	src/components/FormDadosProntuario/CollapsedFields/CollapsedFields.tsx
1	src/components/FormDadosProntuario/CollapsedFields/index.tsx
56	src/components/FormDadosProntuario/FormDadosProntuario.less
110	src/components/FormDadosProntuario/FormDadosProntuario.tsx
38	src/components/FormDadosProntuario/SubFormsDadosProntuario/FieldSetStringExtra/FieldSetStringExtra.tsx
1	src/components/FormDadosProntuario/SubFormsDadosProntuario/FieldSetStringExtra/index.tsx
binary	src/components/FormDadosProntuario/SubFormsDadosProntuario/SelectCampoType/SelectCampoType.less
176	src/components/FormDadosProntuario/SubFormsDadosProntuario/SelectCampoType/SelectCampoType.tsx
1	src/components/FormDadosProntuario/SubFormsDadosProntuario/SelectCampoType/index.tsx
101	src/components/FormDadosProntuario/SubFormsDadosProntuario/SubFormBoolean/SubFormBoolean.tsx
1	src/components/FormDadosProntuario/SubFormsDadosProntuario/SubFormBoolean/index.tsx
93	src/components/FormDadosProntuario/SubFormsDadosProntuario/SubFormCheckbox/SubFormCheckbox.tsx
1	src/components/FormDadosProntuario/SubFormsDadosProntuario/SubFormCheckbox/index.tsx
11	src/components/FormDadosProntuario/SubFormsDadosProntuario/SubFormData/SubFormData.less
60	src/components/FormDadosProntuario/SubFormsDadosProntuario/SubFormData/SubFormData.tsx
1	src/components/FormDadosProntuario/SubFormsDadosProntuario/SubFormData/index.tsx
3	src/components/FormDadosProntuario/SubFormsDadosProntuario/SubFormInterval/SubFormInterval.less
52	src/components/FormDadosProntuario/SubFormsDadosProntuario/SubFormInterval/SubFormInterval.tsx
1	src/components/FormDadosProntuario/SubFormsDadosProntuario/SubFormInterval/index.tsx
15	src/components/FormDadosProntuario/SubFormsDadosProntuario/SubFormList/SubFormList.less
116	src/components/FormDadosProntuario/SubFormsDadosProntuario/SubFormList/SubFormList.tsx
1	src/components/FormDadosProntuario/SubFormsDadosProntuario/SubFormList/index.tsx
59	src/components/FormDadosProntuario/SubFormsDadosProntuario/SubFormMaskedInput/SubFormMaskedInput.tsx
1	src/components/FormDadosProntuario/SubFormsDadosProntuario/SubFormMaskedInput/index.tsx
128	src/components/FormDadosProntuario/SubFormsDadosProntuario/SubFormMultiCheck/SubFormMultiCheck.tsx
1	src/components/FormDadosProntuario/SubFormsDadosProntuario/SubFormMultiCheck/index.tsx
59	src/components/FormDadosProntuario/SubFormsDadosProntuario/SubFormNumber/SubFormNumber.tsx
1	src/components/FormDadosProntuario/SubFormsDadosProntuario/SubFormNumber/index.tsx
105	src/components/FormDadosProntuario/SubFormsDadosProntuario/SubFormSelect/SubFormSelect.tsx
1	src/components/FormDadosProntuario/SubFormsDadosProntuario/SubFormSelect/index.tsx
60	src/components/FormDadosProntuario/SubFormsDadosProntuario/SubFormString/SubFormString.tsx
1	src/components/FormDadosProntuario/SubFormsDadosProntuario/SubFormString/index.tsx
10	src/components/FormDadosProntuario/SubFormsDadosProntuario/index.ts
5	src/components/FormDadosProntuario/SubGroupHandle/SubGroupHandle.less
111	src/components/FormDadosProntuario/SubGroupHandle/SubGroupHandle.tsx
1	src/components/FormDadosProntuario/SubGroupHandle/index.tsx
1	src/components/FormDadosProntuario/index.ts
44	src/components/FormEditGrupo/FormEditGrupo.less
180	src/components/FormEditGrupo/FormEditGrupo.tsx
1	src/components/FormEditGrupo/index.ts
7	src/components/FormEmpresa/FormEmpresa.less
108	src/components/FormEmpresa/FormEmpresa.tsx
1	src/components/FormEmpresa/index.tsx
8	src/components/FormEstabelecimento/FormEstabelecimento.less
91	src/components/FormEstabelecimento/FormEstabelecimento.tsx
1	src/components/FormEstabelecimento/index.tsx
8	src/components/FormGrupo/FormGrupo.less
48	src/components/FormGrupo/FormGrupo.tsx
1	src/components/FormGrupo/index.ts
8	src/components/FormLeito/FormLeito.less
76	src/components/FormLeito/FormLeito.tsx
1	src/components/FormLeito/index.ts
29	src/components/FormLogin/FormLogin.less
57	src/components/FormLogin/FormLogin.tsx
1	src/components/FormLogin/index.ts
binary	src/components/FormProntuario/FormProntuario.less
50	src/components/FormProntuario/FormProntuario.tsx
0	src/components/FormProntuario/index.ts
8	src/components/FormSetor/FormSetor.less
82	src/components/FormSetor/FormSetor.tsx
1	src/components/FormSetor/index.ts
8	src/components/FormUsuario/FormUsuario.less
251	src/components/FormUsuario/FormUsuario.tsx
1	src/components/FormUsuario/index.ts
27	src/components/GestaoPacienteContent/GestaoPacienteContent.less
287	src/components/GestaoPacienteContent/GestaoPacienteContent.tsx
1	src/components/GestaoPacienteContent/index.tsx
4	src/components/GestaoPacienteItem/GestaoPacienteItem.less
37	src/components/GestaoPacienteItem/GestaoPacienteItem.tsx
1	src/components/GestaoPacienteItem/index.tsx
binary	src/components/GrupoItem/GrupoItem.less
17	src/components/GrupoItem/GrupoItem.tsx
1	src/components/GrupoItem/index.tsx
24	src/components/HeadTitlePage/HeadTitlePage.tsx
9	src/components/HeaderForm/HeaderForm.less
24	src/components/HeaderForm/HeaderForm.tsx
1	src/components/HeaderForm/index.tsx
15	src/components/HistoricoEvolucao/HistoricoEvolucao.less
334	src/components/HistoricoEvolucao/HistoricoEvolucao.tsx
39	src/components/HistoricoEvolucao/ItemEvolucao/ItemEvolucao.less
73	src/components/HistoricoEvolucao/ItemEvolucao/ItemEvolucao.tsx
1	src/components/HistoricoEvolucao/ItemEvolucao/index.tsx
48	src/components/HistoricoEvolucao/ItemEvolucaoMobile/ItemEvolucaoMobile.less
77	src/components/HistoricoEvolucao/ItemEvolucaoMobile/ItemEvolucaoMobile.tsx
1	src/components/HistoricoEvolucao/ItemEvolucaoMobile/index.tsx
1	src/components/HistoricoEvolucao/index.tsx
71	src/components/ImagePicker/ImagePicker.less
133	src/components/ImagePicker/ImagePicker.tsx
1	src/components/ImagePicker/index.tsx
binary	src/components/InconsistenciaContent/InconsistenciaAssinaturaContent/InconsistenciaAssinaturaContent.less
199	src/components/InconsistenciaContent/InconsistenciaAssinaturaContent/InconsistenciaAssinaturaContent.tsx
2	src/components/InconsistenciaContent/InconsistenciaAssinaturaContent/index.tsx
4	src/components/InconsistenciasItem/InconsistenciaAssinaturaItem/InconsistenciaAssinaturaItem.less
31	src/components/InconsistenciasItem/InconsistenciaAssinaturaItem/InconsistenciaAssinaturaItem.tsx
1	src/components/InconsistenciasItem/InconsistenciaAssinaturaItem/index.tsx
51	src/components/InfoPacienteHeader/InfoPacienteHeader.less
111	src/components/InfoPacienteHeader/InfoPacienteHeader.tsx
1	src/components/InfoPacienteHeader/index.tsx
15	src/components/InformacaoesAssistenciais/InformacoesAssistenciais.less
170	src/components/InformacaoesAssistenciais/InformacoesAssistenciais.tsx
1	src/components/InformacaoesAssistenciais/index.tsx
63	src/components/ItemDefault/ItemDefault.less
48	src/components/ItemDefault/ItemDefault.tsx
1	src/components/ItemDefault/index.tsx
binary	src/components/ItemIndicadores24h/ItemIndicadores24h.less
62	src/components/ItemIndicadores24h/ItemIndicadores24h.tsx
1	src/components/ItemIndicadores24h/index.tsx
18	src/components/ItensMenuMobile/ItensMenuMobile.less
72	src/components/ItensMenuMobile/ItensMenuMobile.tsx
1	src/components/ItensMenuMobile/index.tsx
12	src/components/LeitoItem/LeitoItem.less
38	src/components/LeitoItem/LeitoItem.tsx
1	src/components/LeitoItem/index.tsx
binary	src/components/ListConfiguracoes/ListConfiguracoes.less
68	src/components/ListConfiguracoes/ListConfiguracoes.tsx
1	src/components/ListConfiguracoes/index.tsx
131	src/components/ListDashboard/DashboardCard/DashboardCard.less
400	src/components/ListDashboard/DashboardCard/DashboardCard.tsx
1	src/components/ListDashboard/DashboardCard/index.tsx
5	src/components/ListDashboard/ListDashboard.less
82	src/components/ListDashboard/ListDashboard.tsx
1	src/components/ListDashboard/index.tsx
46	src/components/ListItem/ListItem.less
33	src/components/ListItem/ListItem.tsx
1	src/components/ListItem/index.tsx
318	src/components/ListOcupacoes/CollapseCard/CollapseCard.less
690	src/components/ListOcupacoes/CollapseCard/CollapseCard.tsx
1	src/components/ListOcupacoes/CollapseCard/index.tsx
32	src/components/ListOcupacoes/ListOcupacoes.less
719	src/components/ListOcupacoes/ListOcupacoes.tsx
1	src/components/ListOcupacoes/index.tsx
5	src/components/ListSetores/ListSetores.less
58	src/components/ListSetores/ListSetores.tsx
1	src/components/ListSetores/index.tsx
18	src/components/ListUsuarios/ListUsuarios.less
74	src/components/ListUsuarios/ListUsuarios.tsx
1	src/components/ListUsuarios/index.tsx
21	src/components/LoadingAuth/LoadingAuth.less
38	src/components/LoadingAuth/LoadingAuth.tsx
1	src/components/LoadingAuth/index.ts
18	src/components/MaterialIcon/MaterialIcon.tsx
1	src/components/MaterialIcon/index.ts
252	src/components/MessageBallon/MessageBallon.less
346	src/components/MessageBallon/MessageBallon.tsx
1	src/components/MessageBallon/index.tsx
127	src/components/MessagesList/MessagesList.less
525	src/components/MessagesList/MessagesList.tsx
1	src/components/MessagesList/index.tsx
15	src/components/MicroIndicadores/MicroIndicadores.less
90	src/components/MicroIndicadores/MicroIndicadores.tsx
1	src/components/MicroIndicadores/index.tsx
18	src/components/MobileCardWrapper/MobileCardWrapper.less
21	src/components/MobileCardWrapper/MobileCardWrapper.tsx
1	src/components/MobileCardWrapper/index.tsx
9	src/components/MultiProgressBar/MultiProgressBar.less
50	src/components/MultiProgressBar/MultiProgressBar.tsx
1	src/components/MultiProgressBar/index.tsx
74	src/components/PDFB64Convert/PDFB64Convert.less
129	src/components/PDFB64Convert/PDFB64Convert.tsx
1	src/components/PDFB64Convert/index.tsx
24	src/components/PacienteSimpleItem/PacienteSimpleItem.less
56	src/components/PacienteSimpleItem/PacienteSimpleItem.tsx
1	src/components/PacienteSimpleItem/index.tsx
155	src/components/PageContainer/PageContainer.less
488	src/components/PageContainer/PageContainer.tsx
1	src/components/PageContainer/index.ts
10	src/components/Prescricao/AsButtonModalContent/AsButtonModalContent.less
35	src/components/Prescricao/AsButtonModalContent/AsButtonModalContent.tsx
1	src/components/Prescricao/AsButtonModalContent/index.tsx
7	src/components/Prescricao/CheckModalContent/CheckModalContent.less
160	src/components/Prescricao/CheckModalContent/CheckModalContent.tsx
1	src/components/Prescricao/CheckModalContent/index.tsx
5	src/components/Prescricao/HorarioCheck/CustomModalCheck/CustomModalCheck.less
161	src/components/Prescricao/HorarioCheck/CustomModalCheck/CustomModalCheck.tsx
1	src/components/Prescricao/HorarioCheck/CustomModalCheck/index.tsx
149	src/components/Prescricao/HorarioCheck/HorarioCheck.less
293	src/components/Prescricao/HorarioCheck/HorarioCheck.tsx
1	src/components/Prescricao/HorarioCheck/index.tsx
4	src/components/Prescricao/ModalRevertCheck/ModalRevertCheck.less
45	src/components/Prescricao/ModalRevertCheck/ModalRevertCheck.tsx
1	src/components/Prescricao/ModalRevertCheck/index.tsx
89	src/components/Prescricao/Prescricao.less
149	src/components/Prescricao/Prescricao.tsx
1	src/components/Prescricao/index.tsx
119	src/components/Prescricoes/Prescricoes.less
331	src/components/Prescricoes/Prescricoes.tsx
1	src/components/Prescricoes/index.tsx
binary	src/components/ProntuarioPassado/ProntuarioPassado.less
99	src/components/ProntuarioPassado/ProntuarioPassado.tsx
1	src/components/ProntuarioPassado/index.tsx
50	src/components/ProtocoloSepseContent/ItemProtocoloSepse/ItemProtocoloSepse.less
122	src/components/ProtocoloSepseContent/ItemProtocoloSepse/ItemProtocoloSepse.tsx
1	src/components/ProtocoloSepseContent/ItemProtocoloSepse/index.tsx
58	src/components/ProtocoloSepseContent/ProtocoloSepseContent.less
117	src/components/ProtocoloSepseContent/ProtocoloSepseContent.tsx
1	src/components/ProtocoloSepseContent/index.tsx
binary	src/components/RelatorioEvolucaoItem/RelatorioEvolucaoItem.less
26	src/components/RelatorioEvolucaoItem/RelatorioEvolucaoItem.tsx
1	src/components/RelatorioEvolucaoItem/index.tsx
46	src/components/Relatorios/GerarRelatorioInconsistenciaAssinatura/GerarRelatorioInconsistenciaAssinatura.less
67	src/components/Relatorios/GerarRelatorioInconsistenciaAssinatura/GerarRelatorioInconsistenciaAssinatura.tsx
1	src/components/Relatorios/GerarRelatorioInconsistenciaAssinatura/index.tsx
10	src/components/RenderTagTable/RenderTagTable.less
39	src/components/RenderTagTable/RenderTagTable.tsx
1	src/components/RenderTagTable/index.tsx
31	src/components/SearchSetores/SearchSetores.tsx
28	src/components/SelectEmpresaAtual/SelectEmpresaAtual.less
58	src/components/SelectEmpresaAtual/SelectEmpresaAtual.tsx
1	src/components/SelectEmpresaAtual/index.tsx
18	src/components/SelectPlace/SelectPlace.less
79	src/components/SelectPlace/SelectPlace.tsx
1	src/components/SelectPlace/index.tsx
53	src/components/SetorChatItem/SetorChatItem.less
85	src/components/SetorChatItem/SetorChatItem.tsx
1	src/components/SetorChatItem/index.tsx
binary	src/components/SetorItem/SetorItem.less
29	src/components/SetorItem/SetorItem.tsx
1	src/components/SetorItem/index.tsx
binary	src/components/SetoresGrupoManager/SetoresGrupoManager.less
63	src/components/SetoresGrupoManager/SetoresGrupoManager.tsx
1	src/components/SetoresGrupoManager/index.tsx
18	src/components/SideFixedButton/SideFixedButton.less
36	src/components/SideFixedButton/SideFixedButton.tsx
1	src/components/SideFixedButton/index.tsx
13	src/components/SkeletonList/SkeletonList.less
40	src/components/SkeletonList/SkeletonList.tsx
1	src/components/SkeletonList/index.tsx
binary	src/components/SwitchThemeButton/SwitchThemeButton.less
25	src/components/SwitchThemeButton/SwitchThemeButton.tsx
1	src/components/SwitchThemeButton/index.tsx
64	src/components/TabRecomendacoes/TabRecomendacoes.less
352	src/components/TabRecomendacoes/TabRecomendacoes.tsx
1	src/components/TabRecomendacoes/index.tsx
23	src/components/TrilhaInterativa/TrilhaInterativa.less
244	src/components/TrilhaInterativa/TrilhaInterativa.tsx
1	src/components/TrilhaInterativa/index.tsx
25	src/components/UsuarioItem/UsuarioItem.less
53	src/components/UsuarioItem/UsuarioItem.tsx
1	src/components/UsuarioItem/index.tsx
binary	src/components/UsuariosGrupoManager/UsuariosGrupoManager.less
72	src/components/UsuariosGrupoManager/UsuariosGrupoManager.tsx
1	src/components/UsuariosGrupoManager/index.tsx
193	src/contexts/AuthContext/AuthContext.tsx
22	src/contexts/AutoReloadContext/AutoReloadContext.tsx
133	src/contexts/PaginationContext/PaginationContext.tsx
38	src/hocs/validateRoute.ts
7	src/hooks/Firestore/index.ts
57	src/hooks/Firestore/types.d.ts
76	src/hooks/Firestore/useCollection.tsx
40	src/hooks/Firestore/useDocument.tsx
11	src/hooks/Lifecycle/index.ts
11	src/hooks/Lifecycle/useMountEffect.ts
21	src/hooks/Lifecycle/useRerenderWrapper.tsx
9	src/hooks/Lifecycle/useUnmountEffect.ts
168	src/hooks/Search/CreateAutoComplete.tsx
143	src/hooks/Search/CreateSearchInput.tsx
163	src/hooks/Search/CreateSearchTags.tsx
11	src/hooks/Search/index.ts
7	src/hooks/Search/styles.less
66	src/hooks/Search/types.d.ts
66	src/hooks/networking/arquivos.ts
164	src/hooks/networking/balancoHidrico.ts
21	src/hooks/networking/dashboard.ts
55	src/hooks/networking/empresas.ts
127	src/hooks/networking/estabelecimentos.ts
226	src/hooks/networking/evolucao.ts
21	src/hooks/networking/feed.ts
92	src/hooks/networking/grupos.ts
41	src/hooks/networking/inconsistencias.ts
13	src/hooks/networking/indicadores.ts
115	src/hooks/networking/leito.ts
174	src/hooks/networking/mensagens.ts
133	src/hooks/networking/ocupacao.ts
33	src/hooks/networking/permission.ts
110	src/hooks/networking/prescricao.ts
181	src/hooks/networking/setor.ts
139	src/hooks/networking/trilhaInterativaSepse.ts
169	src/hooks/networking/usuario.ts
11	src/hooks/safeBase64.ts
19	src/hooks/useChangeColorTheme.ts
29	src/hooks/useEffectivePermissions.tsx
389	src/hooks/useEvolucaoMenu.tsx
23	src/hooks/useLightTheme.ts
111	src/hooks/useMenuByPermissions.tsx
156	src/hooks/useModalSender.tsx
18	src/hooks/useSendIndicator.ts
17	src/hooks/useUpdateStatus.ts
40	src/hooks/useWarnIfUnsavedChanges.ts
16	src/hooks/useWindowSize.tsx
24	src/icons/AddEmoji.tsx
33	src/icons/Ball.jsx
605	src/icons/Enfermagem.jsx
363	src/icons/Farmaceutico.jsx
45	src/icons/Feminino.jsx
183	src/icons/Fisioterapeuta.jsx
207	src/icons/Fonoaudiologo.jsx
151	src/icons/Intercorrencia.jsx
125	src/icons/Logo.jsx
41	src/icons/Masculino.jsx
300	src/icons/Medico.jsx
110	src/icons/Musicoterapia.jsx
194	src/icons/Nutricionista.jsx
31	src/icons/PdfIcon.tsx
166	src/icons/Psicologo.jsx
132	src/icons/TecEnfermagem.jsx
166	src/icons/Terapeuta.jsx
20	src/icons/Waves.tsx
143	src/icons/configs/EmpresaIcon.jsx
36	src/icons/configs/EstabelecimentoIcon.jsx
58	src/icons/configs/GrupoIcon.jsx
35	src/icons/configs/LeitosIcon.jsx
45	src/icons/configs/MonitorIcon.jsx
38	src/icons/configs/ProfissionalIcon.jsx
50	src/icons/configs/SetorIcon.jsx
21	src/pages/404.tsx
88	src/pages/Index.less
54	src/pages/_app.tsx
41	src/pages/_document.tsx
36	src/pages/empresa/EscolherEmpresa.less
168	src/pages/empresa/[id_empresa].tsx
binary	src/pages/empresa/[id_empresa]/configuracoes/ConfiguracoesPage.less
7	src/pages/empresa/[id_empresa]/configuracoes/empresa/Empresa.less
143	src/pages/empresa/[id_empresa]/configuracoes/empresa/index.tsx
360	src/pages/empresa/[id_empresa]/configuracoes/estabelecimentos/index.tsx
binary	src/pages/empresa/[id_empresa]/configuracoes/grupos/Grupos.less
7	src/pages/empresa/[id_empresa]/configuracoes/grupos/[id_grupo]/Grupo.less
244	src/pages/empresa/[id_empresa]/configuracoes/grupos/[id_grupo]/index.tsx
223	src/pages/empresa/[id_empresa]/configuracoes/grupos/index.tsx
47	src/pages/empresa/[id_empresa]/configuracoes/index.tsx
376	src/pages/empresa/[id_empresa]/configuracoes/leitos/index.tsx
binary	src/pages/empresa/[id_empresa]/configuracoes/profissionais/Profissionais.less
binary	src/pages/empresa/[id_empresa]/configuracoes/profissionais/[id_profissional]/Profissional.less
118	src/pages/empresa/[id_empresa]/configuracoes/profissionais/[id_profissional]/index.tsx
228	src/pages/empresa/[id_empresa]/configuracoes/profissionais/index.tsx
348	src/pages/empresa/[id_empresa]/configuracoes/setores/index.tsx
165	src/pages/empresa/[id_empresa]/estabelecimento/[id_estabelecimento].tsx
19	src/pages/empresa/[id_empresa]/estabelecimento/[id_estabelecimento]/chats/ChatsPage.less
binary	src/pages/empresa/[id_empresa]/estabelecimento/[id_estabelecimento]/chats/[id_setor]/VideoChat.less
59	src/pages/empresa/[id_empresa]/estabelecimento/[id_estabelecimento]/chats/[id_setor]/[id_usuario].tsx
254	src/pages/empresa/[id_empresa]/estabelecimento/[id_estabelecimento]/chats/index.tsx
37	src/pages/empresa/[id_empresa]/estabelecimento/[id_estabelecimento]/setor/OcupacoesPage.less
307	src/pages/empresa/[id_empresa]/estabelecimento/[id_estabelecimento]/setor/[id_setor].tsx
3	src/pages/empresa/[id_empresa]/estabelecimento/[id_estabelecimento]/setor/[id_setor]/auditoria/AuditoriaLeitos.less
3	src/pages/empresa/[id_empresa]/estabelecimento/[id_estabelecimento]/setor/[id_setor]/auditoria/[id_ocupacao]/AuditoriaOcupacao.less
111	src/pages/empresa/[id_empresa]/estabelecimento/[id_estabelecimento]/setor/[id_setor]/auditoria/[id_ocupacao]/index.tsx
108	src/pages/empresa/[id_empresa]/estabelecimento/[id_estabelecimento]/setor/[id_setor]/auditoria/index.tsx
binary	src/pages/empresa/[id_empresa]/estabelecimento/[id_estabelecimento]/setor/[id_setor]/cameras/SetorCameras.less
124	src/pages/empresa/[id_empresa]/estabelecimento/[id_estabelecimento]/setor/[id_setor]/cameras/index.tsx
36	src/pages/empresa/[id_empresa]/estabelecimento/[id_estabelecimento]/setor/[id_setor]/dashboard/DashboardPage.less
182	src/pages/empresa/[id_empresa]/estabelecimento/[id_estabelecimento]/setor/[id_setor]/dashboard/index.tsx
3	src/pages/empresa/[id_empresa]/estabelecimento/[id_estabelecimento]/setor/[id_setor]/inconsistencias/InconsistenciasPage.less
72	src/pages/empresa/[id_empresa]/estabelecimento/[id_estabelecimento]/setor/[id_setor]/inconsistencias/index.tsx
46	src/pages/empresa/[id_empresa]/estabelecimento/[id_estabelecimento]/setor/[id_setor]/leito/[id_leito]/ocupacao/VideoUtiPage.less
146	src/pages/empresa/[id_empresa]/estabelecimento/[id_estabelecimento]/setor/[id_setor]/leito/[id_leito]/ocupacao/[id_ocupacao].tsx
157	src/pages/empresa/[id_empresa]/estabelecimento/[id_estabelecimento]/setor/[id_setor]/leito/[id_leito]/ocupacao/[id_ocupacao]/balanco/BalancoHidricoPage.less
447	src/pages/empresa/[id_empresa]/estabelecimento/[id_estabelecimento]/setor/[id_setor]/leito/[id_leito]/ocupacao/[id_ocupacao]/balanco/index.tsx
5	src/pages/empresa/[id_empresa]/estabelecimento/[id_estabelecimento]/setor/[id_setor]/leito/[id_leito]/ocupacao/[id_ocupacao]/prescricao/PrescricaoPage.less
76	src/pages/empresa/[id_empresa]/estabelecimento/[id_estabelecimento]/setor/[id_setor]/leito/[id_leito]/ocupacao/[id_ocupacao]/prescricao/index.tsx
24	src/pages/empresa/[id_empresa]/estabelecimento/[id_estabelecimento]/setor/[id_setor]/leito/[id_leito]/ocupacao/[id_ocupacao]/sepse/[id_trilha]/SepsePage.less
316	src/pages/empresa/[id_empresa]/estabelecimento/[id_estabelecimento]/setor/[id_setor]/leito/[id_leito]/ocupacao/[id_ocupacao]/sepse/[id_trilha]/index.tsx
49	src/pages/empresa/[id_empresa]/feed/Feed.less
291	src/pages/empresa/[id_empresa]/feed/index.tsx
binary	src/pages/empresa/[id_empresa]/relatorio-evolucao/RelatorioEvolucao.less
65	src/pages/empresa/[id_empresa]/relatorio-evolucao/index.tsx
93	src/pages/empresa/index.tsx
99	src/pages/index.tsx
172	src/styles/globals.css
76	src/styles/globals.less
15	src/styles/variables.less
115	src/themes/LightTheme.less
9	src/themes/LightTheme.tsx
25	src/utils/Page.ts
8	src/utils/agoraConfigs.ts
3	src/utils/api.ts
30	src/utils/axios.ts
4	src/utils/capitalize.js
86	src/utils/cargos.ts
54	src/utils/categoriaArquivo.ts
30	src/utils/choicesConselho.ts
110	src/utils/choicesEstados.ts
33	src/utils/clearIds.ts
11	src/utils/constants.ts
28	src/utils/contarTiposEvolucao.ts
42	src/utils/convertBalancoData.ts
655	src/utils/dataForms/dataFormBalancoHidrico.ts
1599	src/utils/dataForms/dataFormEnfermagem.ts
692	src/utils/dataForms/dataFormFarmaceutico.ts
874	src/utils/dataForms/dataFormFisioterapeuta.ts
261	src/utils/dataForms/dataFormFonoaudiologo.ts
501	src/utils/dataForms/dataFormFormularioMedico.ts
188	src/utils/dataForms/dataFormIntercorrencia.ts
388	src/utils/dataForms/dataFormMovimentacao.ts
157	src/utils/dataForms/dataFormMusicoterapia.ts
423	src/utils/dataForms/dataFormNutricionista.ts
55	src/utils/dataForms/dataFormPaciente.ts
166	src/utils/dataForms/dataFormPsicologo.ts
22	src/utils/dataForms/dataFormRemovePaciente.ts
658	src/utils/dataForms/dataFormTecEnfermagem.ts
28	src/utils/dateTreatmentMoment.ts
29	src/utils/dateTreatmentString.ts
27	src/utils/dateTurn.ts
5	src/utils/defaultFormRules.ts
11	src/utils/deshumanize.js
4	src/utils/emailFormRules.ts
9	src/utils/emojiMap.ts
3	src/utils/feedback/handleApiError.less
103	src/utils/feedback/handleApiError.tsx
13	src/utils/formatDataItem.ts
63	src/utils/formatter.ts
10	src/utils/getBase64.tsx
16	src/utils/getFirebaseApp.ts
23	src/utils/handleIconByStatus.ts
21	src/utils/hexString.ts
7	src/utils/humanizeLabel.ts
3	src/utils/initialPaginator.ts
11	src/utils/isEmpty.ts
23	src/utils/isImage.ts
11	src/utils/justOclock.ts
8	src/utils/labelSexo.ts
73	src/utils/localLesoes.ts
15	src/utils/logout.ts
13	src/utils/mergeObjects.ts
9	src/utils/minutesBetweenDates.ts
54	src/utils/mockupData.ts
18	src/utils/motivosNaoAdministrado.ts
11	src/utils/normalizeFileName.ts
10	src/utils/randomHexaColor.ts
10	src/utils/resizeString.ts
11	src/utils/resizeStringLastWord.ts
4	src/utils/setBacking.ts
44	src/utils/statusTrilha.ts
24	src/utils/toSnakeCase.ts
10	src/utils/trilhaHumanize.ts
3	src/utils/verifyNullKeys.ts
binary	tsconfig.json
5637	yarn.lock
